Landreis ID,weekly_cases,inzidenz,weekly_cases_A00-A04,inzidenz_A00-A04,weekly_cases_A05-A14,inzidenz_A05-A14,weekly_cases_A15-A34,inzidenz_A15-A34,weekly_cases_A35-A59,inzidenz_A35-A59,weekly_cases_A60-A79,inzidenz_A60-A79,weekly_cases_A80+,inzidenz_A80+,weekly_cases_unbekannt,inzidenz_unbekannt
1001,183.0,204.46013585984983,16.0,363.7190270516026,43.0,567.8066816321141,69.0,255.21526853084777,45.0,161.96954972465176,9.0,50.533408197641776,1.0,17.975912277548087,0.0,0.0
1002,403.0,162.79671013298432,13.0,114.70925615459278,86.0,442.75123558484347,155.0,201.68110963645353,108.0,136.60165439781437,31.0,67.43528388079181,10.0,70.66638400113067,,
1003,463.0,213.16955036418383,16.0,169.8694128888417,114.0,639.8024469637445,123.0,233.60492279642185,157.0,216.542763747707,45.0,94.46438692612885,8.0,48.484848484848484,,
1004,144.0,181.16169939738575,7.0,193.7448104068641,38.0,524.9343832020998,48.0,249.4543186778921,43.0,160.21461306307984,7.0,40.110016044006414,1.0,17.208742040956807,0.0,0.0
1051,112.0,84.07777193904361,9.0,167.56656116179482,26.0,224.27326835159147,27.0,96.55271062795022,33.0,73.05733894177551,14.0,42.17629692113032,3.0,30.2999697000303,,
1053,407.0,206.32249168626814,23.0,241.82525496793187,96.0,509.12176495545185,107.0,269.54177897574124,149.0,207.09113399769282,26.0,59.764619345347555,6.0,41.37360364087712,0.0,0.0
1054,217.0,131.11227923894458,19.0,275.96223674655045,50.0,357.57705785596795,53.0,147.77226342497073,65.0,114.20539400860933,25.0,62.13959037582024,4.0,33.140016570008285,1.0,60.258751077125176
1055,286.0,142.58578828503198,12.0,163.95682470282824,69.0,428.2522343594836,63.0,172.84424812752064,106.0,152.23979203469918,33.0,60.786914235190096,3.0,17.916865742952698,0.0,0.0
1056,603.0,191.79938357014038,19.0,126.43907632927397,103.0,346.85974069708703,191.0,290.76848130556573,204.0,177.3280830312671,64.0,93.45521450892205,22.0,99.23319801533604,0.0,0.0
1057,134.0,104.16099870187412,3.0,56.306306306306304,22.0,194.2090395480226,34.0,144.69316537577666,47.0,103.97539986284096,25.0,75.8150113722517,3.0,28.97430944562488,0.0,0.0
1058,440.0,161.30510493996883,37.0,306.5451532725766,94.0,369.4823316693526,97.0,177.5418687654434,148.0,151.29520966653718,58.0,89.58220712024095,5.0,25.793139025019343,1.0,36.48330159286095
1059,203.0,101.48731408573929,8.0,86.42108674516582,60.0,321.9747786423397,43.0,105.14732852426947,76.0,108.6226363857247,15.0,31.25,1.0,6.943480072212193,0.0,0.0
1060,508.0,184.03663343380478,17.0,133.17665491578535,95.0,365.3565110376125,143.0,246.30541871921181,186.0,183.55323537248478,55.0,90.56926902366328,12.0,65.60962274466922,,
1061,174.0,132.4735243286866,4.0,70.212392487274,32.0,277.10426047800485,58.0,211.91859402974168,57.0,121.28433729812541,23.0,76.43989497823125,0.0,0.0,0.0,0.0
1062,598.0,245.89220217437787,39.0,346.8825046695722,162.0,683.6019917292599,122.0,262.5180212166204,207.0,230.29682702149438,53.0,97.50533519758628,11.0,59.45303210463734,4.0,163.82968266190468
2000,5313.0,288.5650987763819,192.0,221.13262095445575,1205.0,738.7473846048921,1723.0,410.87659376055603,1738.0,274.2631781572512,349.0,88.25810559215441,104.0,83.51165897470646,2.0,10.971230934091686
3101,387.0,155.86486878352906,14.0,124.86621476988941,67.0,344.27830019012384,119.0,173.00031983252407,122.0,147.64255978313486,48.0,96.24639076034649,17.0,97.46029926044832,,
3102,262.0,249.64744444867935,30.0,523.8344683080147,66.0,647.7573854156443,69.0,291.52055431154673,73.0,215.8805263936123,17.0,73.26323047750388,7.0,91.06283335501496,0.0,0.0
3103,331.0,266.6108206941547,10.0,151.4004542013626,60.0,545.0581395348837,81.0,279.11784975878703,128.0,303.3678572275022,34.0,131.22346584330376,18.0,186.8188894654904,,
3151,351.0,199.5225102319236,19.0,204.05971431639995,66.0,385.3339560952826,91.0,241.96335983408227,118.0,184.3894054222986,39.0,103.02197802197803,15.0,141.18975903614458,3.0,169.94952499107765
3153,150.0,109.47786357598494,6.0,121.580547112462,38.0,379.09018355945733,43.0,149.87278240563242,45.0,99.61261759822911,13.0,36.98961445440319,5.0,40.57782827463074,,
3154,193.0,211.3748124459242,8.0,189.61839298411945,27.0,343.9490445859873,49.0,265.49631556133505,71.0,219.23053171123325,15.0,69.95289838175628,16.0,230.4479331700994,7.0,766.7283700450179
3155,183.0,137.8375324822054,9.0,166.51248843663274,23.0,209.9306316173786,58.0,220.70855055367403,65.0,143.1654993172107,23.0,69.65897389302805,5.0,44.54342984409799,,
3157,191.0,142.5745530549024,9.0,135.17572844698108,40.0,308.4277893438199,46.0,162.4867537972448,76.0,156.18577887381832,15.0,51.72235440157236,5.0,54.33010974682169,0.0,0.0
3158,197.0,164.2214071357119,13.0,251.93798449612405,47.0,467.01112877583466,45.0,182.2452616231978,64.0,151.0787970350786,23.0,80.6847681189925,4.0,45.25910839556461,1.0,83.59666282122018
3159,736.0,224.33963069307535,19.0,137.05547139868716,170.0,630.6807642366908,185.0,225.76393634677342,248.0,233.43812948285924,94.0,128.11252095457456,20.0,84.50228156160216,0.0,0.0
3241,2414.0,208.53057642205067,98.0,175.57060446450964,586.0,562.5203985639411,636.0,227.1753107586798,869.0,218.11263547329688,180.0,75.413833410842,45.0,56.20644000899303,0.0,0.0
3251,417.0,192.26690519443395,11.0,110.94301563287948,90.0,453.0125333467559,106.0,233.02336828683858,161.0,208.20132162578076,36.0,73.35262235624924,10.0,64.88871585231328,3.0,138.19217003164601
3252,211.0,142.03111221804133,8.0,122.38029677221968,33.0,256.2310738411367,57.0,190.87164718882897,79.0,156.67764071238744,21.0,58.27505827505828,13.0,101.46737433655947,0.0,0.0
3254,493.0,178.23958581892595,23.0,193.50496382298502,99.0,424.7650920324366,134.0,215.83660846594935,168.0,177.9811848461734,53.0,84.19112974965053,16.0,75.48594074353652,,
3255,212.0,298.6967241986615,9.0,311.95840554592723,39.0,681.8181818181819,61.0,422.93558898980797,72.0,307.7317604821131,28.0,158.08491418247516,3.0,47.460844803037496,,
3256,175.0,144.16819073039724,2.0,36.218761318362915,29.0,258.69759143621764,51.0,195.65717793293945,67.0,158.54235683861808,24.0,87.28224897261519,2.0,22.637238256932655,,
3257,266.0,168.58810629923755,12.0,177.5410563692854,88.0,658.3376973142814,58.0,181.09719923814282,79.0,142.820985645587,24.0,63.967589754524376,5.0,38.959015116097866,,
3351,251.0,140.27361738275138,7.0,82.65438658637383,50.0,295.52574029197945,62.0,162.8750065675406,90.0,147.99953955698805,33.0,78.9152736925174,9.0,69.61095212313404,,
3352,206.0,103.92860205940075,8.0,93.24009324009324,53.0,300.8970137390712,41.0,105.7000696073629,73.0,107.64580107645801,27.0,53.89651868412648,3.0,19.80982567353407,1.0,50.49535947646411
3353,438.0,173.27594391872645,11.0,90.25270758122744,88.0,363.6664187122903,118.0,232.40241068263285,178.0,190.75175480898034,35.0,61.81998021760633,8.0,46.1361014994233,0.0,0.0
3354,100.0,206.5091690071039,24.0,1280.0,22.0,546.0412012906428,19.0,215.8355106213791,24.0,148.3404413128129,7.0,52.59203606311044,3.0,71.15749525616698,1.0,206.56035693629678
3355,272.0,148.33235172218224,7.0,81.2630601346645,47.0,270.1925840758839,75.0,174.30105277835878,102.0,154.87867836861125,34.0,89.40780477542863,7.0,62.41640659830584,,
3356,212.0,186.75616867958104,6.0,112.63375258119017,29.0,277.7245738364298,61.0,278.1450914230997,77.0,186.9295008739561,35.0,128.7995878413189,4.0,50.877639277537526,,
3357,147.0,89.93300908506929,4.0,53.26231691078562,21.0,140.27119096920714,45.0,121.88185585439182,51.0,88.11029335544728,19.0,52.74847307051638,7.0,66.80664248902463,,
3358,208.0,148.83188436907446,15.0,230.66277102875597,52.0,401.32746777803504,52.0,165.96980626216845,75.0,155.18632705001139,14.0,44.603033006244424,0.0,0.0,,
3359,286.0,140.81594469773808,7.0,68.76903428627567,57.0,292.63784782831914,85.0,186.72700511851673,97.0,135.21236705278858,36.0,80.67046116613633,4.0,30.84277893438199,,
3360,141.0,152.3138746057123,7.0,192.0965971459934,21.0,273.57998957790517,40.0,214.76510067114094,53.0,166.6352260579765,12.0,52.52790544977019,8.0,102.65622994995509,,
3361,448.0,327.504532428797,12.0,174.46932247746437,87.0,661.3957731488521,123.0,425.5024734493375,164.0,343.8515567669567,52.0,165.63146997929607,9.0,98.85764499121265,1.0,72.92190792879906
3401,127.0,163.64503202030744,3.0,71.03954534690978,17.0,237.23137036003348,50.0,277.97854005670763,44.0,168.71812569500364,13.0,76.32691404415219,0.0,0.0,,
3402,37.0,73.71252116744695,0.0,0.0,14.0,314.81897908702496,7.0,55.165891717235404,11.0,66.50142071216976,3.0,28.232636928289104,2.0,62.18905472636816,0.0,0.0
3403,174.0,103.44212591403603,5.0,66.19886137958427,33.0,234.54157782515992,57.0,116.48104628588945,64.0,114.4082946013586,13.0,39.5882818685669,2.0,20.53177291859152,,
3404,289.0,175.41942846043654,11.0,147.96879203658864,74.0,554.4732504121085,85.0,163.65351662527195,100.0,191.3143294432753,16.0,53.30845605384154,3.0,29.27400468384075,,
3405,104.0,136.34337554734,6.0,182.370820668693,15.0,252.5252525252525,20.0,106.45092612305727,32.0,137.66993632765445,23.0,124.5195170808294,8.0,125.86532410320956,,
3451,113.0,91.07688339740955,3.0,50.985723997280765,11.0,94.36390151840097,41.0,156.78176742763182,37.0,84.87017157537389,14.0,48.51172944315465,7.0,80.34894398530763,,
3452,209.0,110.08807045636509,11.0,131.57894736842104,31.0,183.05284912902275,57.0,139.2927836563134,74.0,113.0271417879672,25.0,54.349007587121456,11.0,91.60559626915389,,
3453,334.0,197.2270118336207,22.0,225.7799671592775,60.0,325.5738238645613,95.0,214.28732546861255,118.0,199.91867714827868,25.0,82.25848907607265,14.0,159.8173515981735,,
3454,599.0,183.93585889448102,30.0,181.77411536597188,131.0,411.1480760780868,163.0,207.1366847964215,182.0,158.5117316100263,64.0,95.80264654811089,29.0,158.69541424975375,,
3455,59.0,59.922811293926465,0.0,0.0,8.0,95.4540031022551,12.0,60.97870826769653,27.0,80.75370121130551,10.0,39.89467804994813,2.0,25.510204081632654,,
3456,305.0,223.425218480562,20.0,297.1768202080238,57.0,420.04421518054534,100.0,321.7710277366626,92.0,191.54694982302726,27.0,93.13235141940602,9.0,102.70455323519343,,
3457,260.0,153.11320365822777,14.0,170.87757842060296,58.0,365.81520025228633,76.0,195.00179606917433,85.0,143.29545837688391,22.0,57.89168991105731,5.0,48.012291146533514,,
3458,162.0,124.47750184411113,3.0,48.923679060665364,21.0,172.20172201722016,49.0,177.3691450083255,74.0,155.45891893027456,8.0,27.7980471871851,7.0,81.80437069066261,0.0,0.0
3459,651.0,182.17790750063665,26.0,145.4626832270337,158.0,457.03045905527756,175.0,219.53759110810032,209.0,166.43175103721222,66.0,86.90728572745348,17.0,69.66642078518154,,
3460,388.0,274.01516970578683,17.0,212.7925898109901,85.0,560.9080110861819,119.0,315.15665139436953,128.0,257.825403859324,34.0,135.62567314212774,5.0,69.47339169098235,,
3461,160.0,180.53800324968407,13.0,339.8692810457516,35.0,458.41519318926,39.0,206.1092907726456,54.0,175.9645464025026,14.0,66.42311524410495,5.0,77.68800497203232,,
3462,46.0,80.86916775078232,2.0,85.07018290089324,3.0,59.194948697711126,15.0,127.26964194807398,17.0,88.34840453175346,7.0,48.67533551213407,2.0,48.804294777940456,,
4011,1596.0,280.31867807612866,59.0,209.56169638417276,297.0,612.9018944240373,553.0,375.0601927524535,519.0,273.2312357527547,126.0,109.07579902351189,41.0,107.78411630169037,1.0,17.619313586781285
4012,206.0,181.28377070243062,6.0,102.14504596527068,30.0,278.88816584549596,75.0,273.6327483673246,76.0,205.60545395519966,16.0,63.603116552711086,3.0,40.09087264466123,0.0,0.0
5111,1489.0,240.43507607049318,72.0,229.24825675804757,383.0,708.0660368638036,411.0,255.59860446893327,469.0,212.64730019541787,116.0,100.0,37.0,94.80615983806084,1.0,16.08035029435081
5112,914.0,183.31695380974347,19.0,73.91845627139745,224.0,487.7623900357112,280.0,227.40747358418542,293.0,172.885836342609,78.0,77.80548628428927,20.0,58.470983774302006,0.0,0.0
5113,1585.0,271.8188194660004,54.0,185.97602975616476,410.0,806.4833392344309,406.0,283.7137146930162,513.0,263.17544516665214,152.0,123.48286675223812,46.0,110.1453439647535,4.0,68.63889079552474
5114,695.0,306.1404281561096,26.0,238.5539957794293,158.0,774.6237191743884,194.0,370.38451258161825,217.0,277.11797307996835,73.0,147.90201997690298,15.0,93.28358208955224,12.0,527.6650382337292
5116,426.0,162.93497135251326,25.0,195.49577729121052,74.0,317.6374640511654,107.0,170.81191532837394,145.0,162.50686451410448,58.0,103.26899793462005,17.0,100.49657129344999,0.0,0.0
5117,256.0,149.81273408239701,18.0,219.94134897360703,57.0,379.1153974060525,65.0,176.85149915655438,73.0,125.68654120968992,33.0,84.91367110104727,10.0,72.91286912139992,,
5119,591.0,280.32196709181375,20.0,199.38191606021334,187.0,1019.2402027579441,130.0,272.9143049082588,179.0,245.2525141808018,57.0,121.55073143685759,18.0,121.03281334050565,,
5120,395.0,355.8750923473341,10.0,184.33179723502303,88.0,861.7312965139052,109.0,445.1341528157798,133.0,342.06059359086464,44.0,180.41659832704607,10.0,125.88116817724068,1.0,89.8165945140024
5122,421.0,264.18172690763055,15.0,194.02405898331392,125.0,851.5566455480619,95.0,264.6239554317549,135.0,241.38609258497684,38.0,113.70096645821491,13.0,112.19470095797014,0.0,0.0
5124,1094.0,308.706424141181,75.0,418.2467097925496,285.0,859.0288452843838,289.0,330.15742454360594,348.0,290.4889897994958,75.0,103.24179227751394,22.0,91.61322561838928,0.0,0.0
5154,592.0,190.36961289368244,19.0,131.52429738335871,120.0,426.2726013285496,165.0,228.73778332293617,192.0,174.2429055004492,65.0,95.54889163285706,21.0,107.61504560828124,10.0,320.03584401452963
5158,1582.0,325.72619233905175,67.0,291.71020550330894,354.0,797.207521675487,360.0,369.4581280788177,593.0,347.87811946357544,168.0,149.93841814968852,39.0,101.96345002483726,1.0,20.594353028399613
5162,758.0,168.06834483721983,25.0,112.81079373674473,161.0,375.659153483597,183.0,197.6519381770659,292.0,179.32923496428768,77.0,77.24874094584563,19.0,60.09425309169118,1.0,22.137117304584596
5166,694.0,232.15749243146504,29.0,218.7358575954141,143.0,545.5100328068971,185.0,297.8394564832405,240.0,221.81146025878004,72.0,105.52388210637393,23.0,110.33291758610764,2.0,66.92029458313675
5170,917.0,199.430633154201,39.0,190.43898627862688,220.0,557.2724048837327,213.0,224.36403855269396,321.0,199.70013873249513,88.0,79.74553923389911,36.0,105.90727229936455,0.0,0.0
5314,595.0,181.81373717372838,34.0,206.8378148193211,117.0,371.77083664325886,177.0,188.48435153928887,194.0,176.98953572177976,65.0,110.99916323707714,8.0,40.635952659115155,0.0,0.0
5315,2961.0,272.73631620832964,183.0,335.23237282236346,591.0,627.7150534779238,912.0,299.1301609792577,953.0,246.93917211893503,266.0,140.1157798812703,55.0,94.06372389731662,1.0,9.192333961169743
5316,438.0,267.33724776913783,22.0,271.7726991970352,104.0,679.1171477079796,109.0,298.2052965637995,152.0,263.4726387131442,40.0,118.62044423356366,11.0,89.025574619618,0.0,0.0
5334,1076.0,193.71157498672284,31.0,124.11418505024622,227.0,490.4714575861026,332.0,211.18383807542824,355.0,198.59251054498262,95.0,83.30629532520148,36.0,100.6626960825434,,
5358,513.0,194.5230204533562,24.0,187.06157443491816,98.0,407.9254079254079,155.0,258.4582548231645,151.0,165.09227674276218,54.0,91.1269364473995,22.0,128.72271956000233,9.0,340.0872134765226
5362,915.0,194.6439929460166,38.0,161.0715496778569,223.0,503.03399427037516,199.0,196.5412687282101,347.0,206.4026457607157,89.0,86.68212010830395,19.0,61.99223465692192,0.0,0.0
5366,510.0,264.4679527069073,28.0,308.064693585653,134.0,763.9680729760547,114.0,277.0285047750966,175.0,254.220052877771,46.0,103.8304403764982,13.0,102.08087946603848,0.0,0.0
5370,679.0,266.98437413986994,42.0,347.59579574608955,127.0,545.8374521854988,200.0,356.84973057845343,219.0,240.35823254384616,72.0,127.24445072812102,16.0,97.19944110321366,3.0,117.39155954686858
5374,949.0,348.2939468787504,42.0,310.306612486147,222.0,865.1597817614964,236.0,394.2071592028998,322.0,340.1899570008346,106.0,178.88483866612663,15.0,78.59163784973279,6.0,220.54201876812579
5378,628.0,221.55192182180593,23.0,178.046137172937,151.0,578.632740649908,144.0,256.54730090860505,199.0,196.09968564924762,82.0,126.7231254249861,29.0,132.17866909753874,,
5382,1110.0,185.06785821467872,40.0,138.22655332089295,275.0,473.77851285231895,289.0,224.09702082784077,358.0,168.3422520243391,111.0,83.83559160737754,36.0,90.55236945366737,1.0,16.645471433041926
5512,188.0,160.15947794825485,7.0,131.1106948866829,67.0,677.1780877299374,48.0,187.2001872001872,48.0,116.7996885341639,11.0,40.353644667816134,7.0,83.97312859884836,0.0,0.0
5513,408.0,156.5293454157619,18.0,130.74743952930922,93.0,372.8202044497895,99.0,160.2201003398608,149.0,170.2740383516559,31.0,56.819223226232154,12.0,70.26583909122849,6.0,231.0847503321843
5515,339.0,107.8522138337167,13.0,89.26732129368949,42.0,166.54770402093743,128.0,124.50756286172852,113.0,112.56549718088179,36.0,66.61855326708488,7.0,38.28902745870255,0.0,0.0
5554,587.0,158.35932188757837,27.0,141.36125654450262,132.0,359.09573165755324,160.0,183.29915567826416,205.0,155.67452633177658,51.0,68.74149155557951,12.0,53.77548734035402,,
5558,341.0,155.05003887618278,21.0,192.89060347203088,93.0,452.9956161714564,61.0,128.53741281581222,126.0,160.34818462948115,34.0,69.61934598767328,6.0,41.96978175713486,0.0,0.0
5562,1438.0,233.72194889648458,64.0,223.90148334732717,377.0,703.6601526774549,395.0,304.5325233025203,424.0,198.46192011907715,139.0,96.34378790504245,36.0,81.17066131541566,3.0,48.84903531296763
5566,1137.0,254.01350270545603,79.0,348.3245149911817,211.0,484.21149256471455,285.0,278.57603659609407,424.0,266.7807615835703,111.0,120.63119457485655,27.0,94.04388714733543,,
5570,834.0,300.23435559411485,47.0,352.03355553891095,163.0,612.2295673076923,253.0,414.6725234380122,283.0,289.49333551561523,73.0,121.60991537282601,14.0,73.42143906020559,1.0,35.99193780593147
5711,714.0,213.90951088421923,18.0,107.73927096426648,188.0,603.1246992396779,223.0,250.84082293787472,218.0,197.2029743274293,56.0,87.87346221441125,10.0,43.211476968282774,1.0,29.92264994987956
5754,1197.0,328.7711867898254,43.0,234.60090566861257,279.0,788.091068301226,334.0,394.55653735292725,413.0,317.4822809526006,115.0,157.84344675185636,13.0,55.05675080467559,0.0,0.0
5758,754.0,300.6583380851174,23.0,194.61837874428838,206.0,882.3025526811718,178.0,329.17244567730006,250.0,285.0302132025995,75.0,137.90313683668592,22.0,114.3391715607297,,
5762,219.0,155.68683486532024,10.0,162.1796951021732,64.0,497.66718506998444,56.0,186.73513621661274,63.0,130.53207359522625,22.0,67.80496825494669,4.0,38.00114003420103,0.0,0.0
5766,1772.0,508.62393115780833,71.0,411.6419294990724,459.0,1342.8905792861322,509.0,665.4377639199383,524.0,451.5762077939985,176.0,228.9758534554538,33.0,123.62791743153636,0.0,0.0
5770,840.0,270.3485565318142,25.0,166.5778251599147,207.0,695.447673441962,239.0,348.23405991374284,254.0,240.0597313977336,94.0,138.4837502578155,21.0,90.05531969638493,0.0,0.0
5774,825.0,268.82596370034867,28.0,180.09905447996397,179.0,610.2342072069001,234.0,287.0179570209008,295.0,283.48756979079576,77.0,128.52183202029644,12.0,68.73639592164051,,
5911,615.0,168.66505040753864,35.0,217.02734544552612,132.0,458.5562426179393,171.0,180.25235329461245,195.0,162.6233226863705,66.0,83.16741853373321,16.0,60.28636021100226,0.0,0.0
5913,1490.0,253.8287252346638,82.0,282.7781226291468,378.0,732.288498421124,369.0,244.9320960611733,482.0,242.43887472147193,136.0,114.06333870101986,42.0,107.87486515641855,1.0,16.999575010624735
5914,471.0,249.4518414948044,17.0,176.8254628666528,111.0,629.7872340425532,124.0,286.0240352455424,158.0,249.48287568489366,41.0,100.1612351590365,19.0,137.392436184829,1.0,52.998102667924485
5915,403.0,225.00013957825036,15.0,173.39035949601202,106.0,614.3859039007709,119.0,276.12130774763904,119.0,194.35552361664597,36.0,95.21290663845544,8.0,67.3570767028711,0.0,0.0
5916,436.0,278.81872945630346,24.0,325.3355022366816,116.0,850.3775383036434,125.0,340.7294335713896,127.0,235.774621739534,30.0,88.61320336730172,14.0,126.98412698412699,0.0,0.0
5954,636.0,196.1171275624738,40.0,274.02891005001027,170.0,629.3266205160478,122.0,178.812217857771,231.0,204.52613684657882,65.0,84.72477482761767,8.0,32.51371672424304,,
5958,332.0,127.45944908340532,14.0,122.3669259680098,68.0,294.93407356002774,70.0,122.33057215756178,139.0,153.08370044052865,25.0,42.88091113359977,16.0,84.40154032811098,0.0,0.0
5962,1203.0,291.9052703096186,49.0,255.24821586706256,252.0,674.8614123885274,347.0,387.7484886748388,429.0,299.05682079595124,103.0,112.5658455552884,23.0,78.6593707250342,,
5966,201.0,149.13745130773512,3.0,47.626607397999685,46.0,371.6270803037647,60.0,199.41504918904548,68.0,141.45448493925778,18.0,63.404839902779244,6.0,68.73639592164051,0.0,0.0
5970,510.0,183.31476222997017,26.0,195.87162874792827,104.0,428.389010174239,166.0,248.54392190330742,160.0,172.35250395872157,43.0,70.86237866877606,11.0,57.62179151388161,,
5974,979.0,324.2774145252433,40.0,283.46679895117285,233.0,834.049255441008,222.0,333.63390441839493,365.0,343.20962115299625,100.0,151.54729791167824,19.0,91.07031587020083,0.0,0.0
5978,800.0,202.64348425206822,28.0,154.5083324136409,168.0,480.60418812221076,215.0,257.08785230003946,259.0,187.798193076845,93.0,101.07926570804395,35.0,123.83681845522415,2.0,50.64688736891952
6411,336.0,211.0459967212497,15.0,190.35532994923858,72.0,519.5180027419005,102.0,195.9051972496447,104.0,208.42518738225982,35.0,127.18023255813954,8.0,92.43212016175622,0.0,0.0
6412,1615.0,214.4594824289296,53.0,126.29873224668763,321.0,465.83850931677017,502.0,233.86146270561872,584.0,208.09207361613426,121.0,99.22668787876303,30.0,85.07500779854239,4.0,52.39854332049569
6413,488.0,379.0467905300441,13.0,171.23287671232876,91.0,703.1370730953485,127.0,354.927058297468,192.0,421.11727677494355,36.0,163.9344262295082,27.0,421.1511464670098,2.0,153.51550506601168
6414,736.0,264.4229041969951,22.0,146.1696897216132,146.0,545.7535885167464,234.0,348.3749944170674,247.0,254.39527051383726,72.0,131.57894736842104,15.0,84.79846232121658,0.0,0.0
6431,802.0,297.3740609728062,36.0,285.8050174658622,186.0,782.3343848580441,198.0,347.6428759547011,269.0,278.5746093224113,99.0,159.22030300106147,11.0,60.19810649592295,3.0,110.97136938669823
6432,551.0,185.27298343303104,16.0,109.45409768778218,120.0,430.72505384063174,159.0,244.81123360226644,176.0,163.69656609248855,65.0,100.14791076050783,15.0,83.3425936215135,0.0,0.0
6433,542.0,197.43120870154374,21.0,141.5953071269638,125.0,469.8011801405645,148.0,226.9242563630788,180.0,181.76860856130148,56.0,103.75750389090639,8.0,49.78530088991225,4.0,145.07155654526593
6434,348.0,147.10606854804618,14.0,126.23985572587917,76.0,313.73844121532363,91.0,197.58554802848707,128.0,147.75140825560993,27.0,52.62337257347782,12.0,68.1663258350375,,
6435,839.0,200.26256116481682,30.0,148.59576997374808,172.0,447.50878105893065,202.0,219.01529854387354,315.0,210.6234453983792,96.0,103.28133405056482,23.0,84.58681181273215,1.0,23.778272365842984
6436,372.0,156.47674932172376,16.0,134.1156747694887,75.0,310.17369727047145,95.0,194.09144771789317,144.0,162.90514169353472,37.0,75.55492025892876,5.0,30.98661378284581,0.0,0.0
6437,207.0,213.84739354118886,5.0,119.01928112354202,36.0,435.6243949661181,51.0,251.70269469943736,73.0,218.55633064878296,33.0,140.6709578413402,9.0,126.47554806070826,0.0,0.0
6438,761.0,214.9158975633451,22.0,120.25143481825636,177.0,523.8701275638559,201.0,257.3887209957486,270.0,212.3860391576927,80.0,106.23041376746163,10.0,43.09601792794346,1.0,28.104650476514347
6439,463.0,247.38588457818835,22.0,266.2793512466715,120.0,713.3091600784641,108.0,284.7725774555043,146.0,216.2770716677036,50.0,114.69205184080744,5.0,38.317112422407845,12.0,641.1626415900834
6440,556.0,181.42661358741762,15.0,104.01497815685458,97.0,337.3091768960601,132.0,197.7705861201007,211.0,188.89714505689295,65.0,97.43666616699146,35.0,174.9475157452764,1.0,32.43183638787179
6531,434.0,161.4126958151713,15.0,116.44154634373544,96.0,422.9261200933962,116.0,149.48838887600195,161.0,184.58010891372885,40.0,73.9166589670147,5.0,30.92337188447028,1.0,36.94290105213382
6532,386.0,152.10204234426288,3.0,25.56672916311573,104.0,452.9419450372371,115.0,206.93129880879547,115.0,130.17885442608105,38.0,66.84844753276454,11.0,61.57290792051497,0.0,0.0
6533,234.0,135.98089294119697,11.0,142.32112821839823,33.0,213.02691885611,79.0,207.9330402968968,77.0,126.75105763057829,24.0,62.287508759180916,6.0,52.54400560469393,4.0,232.67718367536878
6534,341.0,138.25370568583568,15.0,137.93103448275863,87.0,402.1447721179625,94.0,138.06271572299332,112.0,137.6073521642442,26.0,52.50085818710498,7.0,44.940934771443246,0.0,0.0
6535,131.0,123.72730878936135,2.0,46.44681839294008,24.0,275.45047629978194,30.0,142.90477778307056,59.0,160.4089067725184,16.0,61.1176897513274,0.0,0.0,0.0,0.0
6611,488.0,242.0815040801647,19.0,189.65861449391096,111.0,649.1987366943503,161.0,272.8536081076501,147.0,228.57320562258988,43.0,110.03352184037463,7.0,55.449936628643854,,
6631,667.0,299.6621500197678,25.0,236.02719033232628,152.0,746.3785907193715,192.0,361.51383920165694,217.0,284.2844416496358,69.0,147.5146980224479,10.0,62.61348694508797,2.0,89.62782047547557
6632,250.0,206.9039717286413,11.0,201.8719031014865,57.0,533.9578454332552,68.0,269.45633222380724,85.0,206.49110873578854,20.0,69.46132740596673,7.0,74.45224420336099,2.0,165.67400326377785
6633,368.0,155.51508031424189,16.0,153.7722248918789,76.0,373.9973426504601,99.0,211.7239461921769,125.0,151.62726379504846,46.0,78.44207223491695,6.0,32.97065611605671,0.0,0.0
6634,271.0,150.3700990999989,9.0,118.79619852164731,53.0,340.68265089670246,74.0,199.12814165007265,97.0,152.82329216032267,26.0,61.01281269066504,12.0,90.27986758952754,0.0,0.0
6635,396.0,252.3048301083764,3.0,43.42790966994789,74.0,532.642337867991,98.0,299.3188967960661,143.0,262.7951851511532,44.0,120.22514891524126,31.0,261.5813011560206,3.0,191.80849839520224
6636,144.0,142.5502638169813,8.0,194.59985405010946,34.0,419.8567547542603,32.0,154.29122468659594,41.0,120.97964001180289,20.0,78.57619926924134,9.0,107.95250089960417,0.0,0.0
7111,220.0,192.9418368062864,11.0,214.42495126705654,51.0,567.3601067971965,49.0,150.93642188270084,86.0,240.56616968306807,13.0,55.909169103733014,8.0,94.4733112895607,2.0,175.3586083540841
7131,234.0,180.37879547048803,19.0,327.69920662297346,42.0,387.5611331549322,64.0,237.60905884536848,77.0,173.28292375551354,28.0,88.70865543023697,2.0,19.01863826550019,2.0,153.7444459818889
7132,194.0,150.73229478264247,7.0,116.64722546242292,44.0,377.9744008246714,54.0,194.6928179982694,67.0,149.47349634124575,20.0,67.74149844194554,2.0,22.028857803722875,,
7133,272.0,172.06477732793522,15.0,207.4975791949094,54.0,383.2777344027255,77.0,233.3757652906589,89.0,162.43543647679363,34.0,89.84488544777105,3.0,26.31809807877884,0.0,0.0
7134,131.0,162.28939544103073,8.0,214.5347278090641,26.0,386.5596193874517,30.0,174.67248908296943,46.0,170.10576140817986,18.0,91.06085900743663,3.0,46.06879606879607,0.0,0.0
7135,100.0,162.37192914089013,4.0,159.17230401910066,21.0,423.728813559322,26.0,206.89106389750935,32.0,149.89694584972833,13.0,86.16118769883352,4.0,81.58270446665307,,
7137,342.0,159.619899280777,8.0,78.43906265320129,63.0,333.8986644053424,94.0,202.14619040450742,126.0,167.23073860242883,40.0,82.01258893240113,10.0,67.80580417683754,1.0,46.634395664866574
7138,341.0,187.4233954963422,13.0,146.24817189785128,88.0,525.9068905755095,86.0,217.2375467313327,111.0,176.12058706862356,31.0,74.53177217320223,11.0,84.72618038974043,1.0,54.701303532063164
7140,239.0,232.18084848013834,9.0,191.89765458422175,47.0,528.6839145106861,71.0,328.9930957786942,84.0,232.0185614849188,24.0,98.25595676737902,3.0,40.69451980466631,1.0,96.93397826740207
7141,200.0,163.521601203519,5.0,91.441111923921,55.0,516.7715869585643,42.0,168.07395253911722,66.0,153.62413295470415,23.0,78.15685741470708,9.0,102.1914386283638,0.0,0.0
7143,295.0,146.33154263208283,17.0,179.76102358041663,59.0,320.547647506248,70.0,160.54309435347002,105.0,144.8975367418754,34.0,76.32559601311004,9.0,67.02412868632707,1.0,49.52848878675014
7211,176.0,159.08022705086952,14.0,289.25619834710744,33.0,383.94415357766144,57.0,157.88598969586172,48.0,134.69147234615707,22.0,111.65245635403978,2.0,30.075187969924812,0.0,0.0
7231,215.0,191.51627442945966,7.0,135.2918438345574,46.0,469.19624643002857,55.0,235.34445870774496,70.0,176.73643547857702,24.0,91.82385124536098,12.0,143.01036825169825,1.0,88.90232301770045
7232,157.0,159.29221497346822,11.0,222.98803973241436,35.0,389.19159346158125,25.0,113.89002778916678,54.0,153.67103016505408,15.0,69.70260223048327,17.0,260.69621223738693,0.0,0.0
7233,121.0,199.66008283418313,7.0,284.2062525375558,28.0,554.4554455445544,21.0,167.75842786387602,44.0,213.00285617466236,13.0,85.2906442724052,8.0,169.63528413910095,0.0,0.0
7235,195.0,130.9208096948538,11.0,158.18234109864827,37.0,260.3250545275452,41.0,133.01323643913832,81.0,147.50874125874125,19.0,58.217918862605714,6.0,60.858099198701694,0.0,0.0
7311,142.0,292.4157245526245,11.0,436.68122270742356,34.0,767.6676450666065,28.0,252.47971145175833,52.0,319.1946473512983,11.0,103.7637958683143,6.0,156.57620041753654,0.0,0.0
7312,311.0,311.482798337423,7.0,149.89293361884367,57.0,731.1441765007696,64.0,214.0539817385197,116.0,376.5744708479418,49.0,238.6634844868735,18.0,284.3601895734597,0.0,0.0
7313,137.0,293.5064378601881,6.0,285.03562945368174,26.0,690.3876792352629,39.0,281.97527293760396,53.0,351.6454352441614,13.0,141.36581122227057,0.0,0.0,0.0,0.0
7314,411.0,240.2651685655994,17.0,176.29368453800686,72.0,421.5703495520815,104.0,237.19922454099668,155.0,262.0323567697327,45.0,141.09679239958612,18.0,169.17293233082708,0.0,0.0
7315,337.0,155.21513646956953,20.0,198.07863721897593,57.0,331.54955793392276,117.0,165.10964974175158,99.0,140.48730647518767,35.0,92.80619415055817,8.0,65.33278889342589,1.0,45.75025848896046
7316,170.0,319.8615187777527,6.0,239.42537909018355,28.0,617.283950617284,44.0,389.34607556853376,76.0,428.19313764155726,10.0,78.54842510407666,5.0,112.58725512272011,1.0,187.7440672874737
7317,131.0,324.233349008737,21.0,1179.7752808988764,28.0,840.08400840084,30.0,341.6856492027335,28.0,217.13842574641333,15.0,151.88335358444715,9.0,252.31286795626576,,
7318,185.0,367.22378816149904,12.0,524.7048535198951,41.0,931.3948205361199,38.0,341.6344511372831,69.0,394.1505769450474,17.0,147.09699749069827,8.0,217.0374389582203,0.0,0.0
7319,208.0,249.60998439937597,10.0,229.88505747126436,36.0,461.8345093008339,58.0,284.049169890788,58.0,206.70729534195803,37.0,210.7901783170968,9.0,167.72269847185987,0.0,0.0
7320,122.0,356.6312958578152,4.0,268.81720430107526,34.0,1170.39586919105,33.0,409.4800843777144,38.0,339.1040514010352,13.0,163.46032943543318,0.0,0.0,,
7331,303.0,234.44028349478506,23.0,360.6711619883958,56.0,466.5889018496917,80.0,288.8399465646099,109.0,232.1025509986798,29.0,99.22671593786355,6.0,80.8298531591001,0.0,0.0
7332,274.0,206.5430423639379,12.0,208.18875780707842,43.0,383.44925985375426,61.0,240.4699018409745,106.0,223.9405078801707,40.0,120.28628134961208,10.0,102.69049086054632,2.0,150.74884488697606
7333,102.0,135.81709963915262,4.0,116.58408627222384,15.0,220.71806945261918,26.0,166.5278934221482,35.0,130.81666978134928,14.0,78.85991100095758,8.0,160.73940124573036,0.0,0.0
7334,583.0,451.6753825295371,29.0,458.4255453683212,106.0,887.8465533126728,135.0,470.23581455292765,206.0,442.69658092106675,65.0,234.62315911059775,40.0,512.6890540886952,2.0,155.02313720322758
7335,401.0,378.09856963708194,14.0,242.67637372161553,84.0,855.7457212713937,115.0,518.6254171552268,133.0,363.31849099898926,46.0,187.97760614605042,8.0,112.01344161299356,1.0,94.35831627020448
7336,157.0,222.61293707285256,6.0,190.1743264659271,25.0,429.553264604811,46.0,327.98573975044565,63.0,260.8263641632856,15.0,84.3502221222516,2.0,37.86444528587656,,
7337,306.0,277.2844249519736,15.0,308.32476875642345,86.0,904.0260695889835,71.0,325.44921158782546,92.0,231.66800966962128,31.0,115.64143693811317,11.0,140.88114754098362,0.0,0.0
7338,344.0,223.0854534017289,12.0,154.61925009663702,84.0,602.5392726490209,91.0,294.9756888168558,114.0,205.664802453545,30.0,84.49038217816205,13.0,116.90647482014388,0.0,0.0
7339,251.0,119.01995836672373,10.0,98.49305623953511,39.0,191.8441635102563,69.0,160.7379970647844,82.0,104.99628671668928,38.0,80.77029353625099,13.0,101.06507035683744,0.0,0.0
7340,212.0,222.89276965293914,11.0,293.1769722814499,33.0,449.7751124437781,49.0,269.31955589754864,84.0,252.41143063193005,28.0,115.01807426881368,7.0,88.32807570977918,,
8111,3001.0,472.7249814911079,128.0,422.7631535488985,589.0,1124.0243506803306,897.0,481.2877263581489,1045.0,474.26273701790853,261.0,241.34933698285587,81.0,211.08041903372074,0.0,0.0
8115,1018.0,259.93259115514246,44.0,208.32346953269257,213.0,563.3579306514322,279.0,304.51534036956593,363.0,261.40496165340437,96.0,122.2525023559076,20.0,80.43434546551377,3.0,76.37338438469783
8116,1691.0,316.75030298262277,80.0,308.4277893438199,325.0,665.0432789703084,427.0,335.8449607525444,660.0,348.00949116794095,157.0,145.44982907329003,41.0,115.54503438169316,1.0,18.690750321480905
8117,793.0,308.25685220386157,37.0,292.9300926292455,199.0,840.0878081729146,205.0,350.08624075686936,262.0,291.5257254762329,67.0,120.99104305114129,23.0,127.62887742078686,0.0,0.0
8118,1445.0,265.63281272978617,58.0,204.0744519897259,287.0,554.7287241239345,351.0,275.1754145270668,557.0,286.112010026762,157.0,144.66312840925843,35.0,101.44045445323594,,
8119,1405.0,329.6899272100958,51.0,242.37239806102082,263.0,666.5146101016245,399.0,411.968777103209,531.0,350.9305276514751,116.0,129.72344303910714,45.0,154.31040395034634,0.0,0.0
8121,550.0,436.6465544617339,18.0,272.10884353741494,137.0,1151.550811128856,128.0,378.1611912077523,183.0,432.6650274257613,73.0,306.82582380632147,10.0,122.78978388998036,1.0,78.99393326592518
8125,1533.0,446.850187134912,78.0,440.27997290584784,309.0,952.4103069905067,418.0,522.9445028274033,538.0,432.55933620634204,147.0,210.97349197009055,42.0,206.7845010093053,1.0,29.031284111758833
8126,345.0,308.0082135523614,19.0,342.4040367633808,68.0,647.4340664572027,105.0,390.6104683605521,106.0,267.36619078847804,34.0,147.37754659731252,13.0,185.5552383671139,0.0,0.0
8127,597.0,304.80800159296643,14.0,137.71394845563643,97.0,516.6719931820603,169.0,361.31956470613386,238.0,345.5234389744632,70.0,173.03176368804844,9.0,76.84426229508196,,
8128,420.0,317.40993493096335,21.0,344.0930689824676,70.0,603.7084950409659,106.0,365.17724876838804,143.0,313.2598742579246,62.0,203.31868564307732,18.0,188.85741265344666,,
8135,433.0,326.86152545443565,20.0,314.911037631869,99.0,796.2039568923918,89.0,294.06905666611596,153.0,335.82089552238807,49.0,172.77856135401976,23.0,234.52635872336086,0.0,0.0
8136,969.0,308.5967605301877,43.0,287.7986747874975,189.0,649.3729599725133,260.0,350.22495218082383,383.0,351.5793532041455,76.0,114.62700974329583,18.0,87.7963125548727,0.0,0.0
8211,154.0,279.3752154273171,4.0,171.89514396218306,33.0,761.070110701107,34.0,299.5858665961759,55.0,290.099688802152,20.0,150.2403846153846,8.0,163.19869441044472,,
8212,848.0,270.8469076182081,46.0,340.71550255536624,172.0,715.1469793355785,254.0,264.00582060076914,245.0,237.4307089971702,109.0,194.69153002536348,22.0,115.03869483371679,,
8215,1347.0,303.21993913090455,60.0,288.3922134102379,295.0,724.4953091998625,356.0,363.12820669747134,476.0,298.0812584539853,124.0,128.73219550683112,36.0,121.914050594331,0.0,0.0
8216,764.0,330.71016111298684,31.0,287.8098598087457,145.0,706.4211244275552,194.0,385.29522750292944,291.0,353.189630061171,91.0,177.37408389209418,12.0,74.64543418760886,0.0,0.0
8221,406.0,253.18823859561599,22.0,287.5441118807999,71.0,580.349844695112,138.0,244.55077086656033,118.0,233.74205177980707,31.0,118.80125699394497,24.0,279.2971022925637,2.0,123.85051243149518
8222,872.0,281.8631412224844,39.0,259.86140724946694,161.0,634.4077547482071,250.0,276.25835681529367,335.0,318.8775510204082,65.0,114.89173663278834,22.0,121.23884051581616,0.0,0.0
8225,736.0,512.7669209600446,22.0,333.8391502276176,166.0,1312.2529644268775,165.0,518.6558953886775,282.0,560.8814988663033,75.0,230.02606962122374,26.0,268.1241621119934,0.0,0.0
8226,1484.0,270.98835882218674,75.0,283.18985047575893,280.0,552.017822289691,340.0,284.718965632746,601.0,307.9114280737348,162.0,134.72717746563208,24.0,66.11023882323775,2.0,36.472722962314556
8231,748.0,595.8165394847939,32.0,462.49458014163895,151.0,1251.7615850120203,207.0,631.5982180997132,222.0,538.4951244360356,110.0,451.72682846700343,26.0,301.4842300556586,,
8235,558.0,352.27939923104606,24.0,312.2966818477554,131.0,880.3763440860215,144.0,402.4594745667971,193.0,344.4521782584641,46.0,134.68802155008345,20.0,187.4062968515742,0.0,0.0
8236,904.0,454.48832357155425,26.0,266.1207778915046,197.0,1074.5649920907654,231.0,527.4454288062836,302.0,425.034833152717,102.0,236.55465108188966,45.0,333.70411568409344,1.0,50.11124696826956
8237,519.0,440.07292152456864,25.0,445.15669515669515,103.0,938.7531899380241,127.0,471.2080736123479,197.0,473.48940056722586,50.0,198.90997334606357,17.0,213.5678391959799,0.0,0.0
8311,667.0,289.6964485039589,52.0,449.0500863557858,165.0,849.5083148844154,194.0,255.74098974399536,216.0,294.4223324791451,37.0,95.47401558548795,2.0,16.371971185330715,1.0,43.253530569432726
8315,711.0,270.5530927148538,32.0,245.71911233970667,148.0,592.4739791833467,183.0,317.14122315997434,236.0,258.3385329436362,96.0,163.89244558258642,16.0,89.0521511660266,,
8316,395.0,238.83954215366754,16.0,194.24547772247178,90.0,574.3092336162338,93.0,255.93747419985138,143.0,242.82560706401765,44.0,120.45224342303375,9.0,83.76768428890543,0.0,0.0
8317,1707.0,397.4583157732974,82.0,385.79157845212893,335.0,826.3647351932707,498.0,508.35519532884865,572.0,381.81951685145754,186.0,202.1409552790306,33.0,112.35189976848699,1.0,23.20438655723478
8325,690.0,494.783263418307,19.0,270.7709847513182,100.0,753.2956685499058,177.0,557.1819813013504,283.0,583.6616000164993,84.0,281.97381671701913,27.0,282.9595472647244,0.0,0.0
8326,1162.0,547.1299221681788,18.0,173.74517374517376,230.0,1188.01652892562,334.0,680.2443991853361,410.0,575.9478556478009,118.0,252.9583261876179,52.0,328.05501230206295,0.0,0.0
8327,728.0,519.4360408699126,19.0,256.2373567093729,141.0,991.2823397075366,216.0,639.2045454545455,256.0,530.1085065849416,74.0,265.15694424537764,22.0,240.831964969896,,
8335,1138.0,398.8434241654254,35.0,257.18274671173486,169.0,664.0471512770138,311.0,428.569459947359,454.0,473.064499322705,128.0,216.09575743251227,41.0,210.51550626411995,0.0,0.0
8336,979.0,428.1859175381278,34.0,297.80152404309365,245.0,1104.79797979798,221.0,433.0446369087275,371.0,456.5591927147428,88.0,184.45930366612865,20.0,132.0829480914014,0.0,0.0
8337,528.0,309.4614316107819,7.0,83.60205422190374,135.0,800.7592383889911,131.0,343.9042318597081,189.0,321.1391093062376,53.0,142.02261643174876,13.0,112.9648939867918,0.0,0.0
8415,835.0,291.1964512394158,30.0,208.4925985127528,174.0,646.647837074476,262.0,394.66747006100775,276.0,274.9524312369871,83.0,139.80831101453668,10.0,51.009997959600085,0.0,0.0
8416,520.0,228.741350717676,15.0,130.24225058609014,83.0,404.8780487804878,192.0,285.03986104306773,173.0,231.6271472372103,50.0,118.5227326601242,6.0,48.28196668544299,1.0,43.72961106883915
8417,763.0,403.8425913674015,16.0,185.42125391122957,111.0,657.3492834300604,228.0,539.2620624408704,295.0,448.49866970733564,91.0,217.911877394636,22.0,156.77332003135467,,
8421,382.0,302.385042231,17.0,276.7377502848771,100.0,890.2341315766047,90.0,239.71234518577708,139.0,334.93168839305076,24.0,104.57972024924834,12.0,161.74686615446825,0.0,0.0
8425,538.0,274.42399016562354,23.0,225.77795229213703,126.0,650.927313116702,133.0,287.34390528453525,196.0,281.738730450782,40.0,101.2120138660459,20.0,164.51427161306242,0.0,0.0
8426,676.0,338.4365831923181,26.0,238.13885326982964,159.0,787.3625829454294,168.0,350.92849831846763,256.0,360.9955580624692,60.0,151.3469881949349,7.0,59.6353722951099,,
8435,803.0,371.36897797222366,22.0,213.42646488164533,119.0,607.1428571428571,208.0,429.8941798941799,329.0,438.9827342353161,105.0,213.97566790976342,18.0,118.72567772574368,2.0,91.9667080516853
8436,998.0,351.0561584325589,46.0,319.73309237506083,204.0,755.4156637659693,238.0,343.02350719916984,369.0,373.4175293724764,105.0,180.158539514773,36.0,205.12820512820514,,
8437,571.0,436.3008412736011,18.0,285.6236115518883,117.0,955.4920375663536,140.0,457.0533120041788,214.0,471.55259794632235,51.0,183.94286950876435,30.0,350.34450543033984,1.0,76.42396961382968
9161,469.0,342.38325023178396,21.0,285.7920522591181,76.0,623.5130035277709,138.0,373.5181075082553,174.0,366.83321738030486,46.0,181.52401246991042,14.0,172.0958819913952,0.0,0.0
9162,3115.0,211.68760210613874,117.0,147.56145240827857,501.0,405.8158843303228,1045.0,243.8739789964994,1129.0,216.7369285939168,265.0,104.89856506679861,57.0,71.74413774874448,1.0,6.737518410269056
9163,224.0,353.7363400922241,5.0,157.5795776867318,39.0,705.371676614216,60.0,356.16763623412083,77.0,354.4956493715759,30.0,240.28834601521825,13.0,342.37555965235714,0.0,0.0
9171,451.0,405.5390702274975,28.0,503.59712230215825,93.0,914.3643692852227,112.0,453.91910513090704,154.0,396.6414258486581,43.0,174.82517482517483,21.0,273.1174404994147,0.0,0.0
9172,375.0,354.70384593556685,15.0,308.0082135523614,67.0,755.951709353492,106.0,437.78135712220705,129.0,358.4428575398038,40.0,166.673611400475,18.0,225.140712945591,,
9173,378.0,297.10674620953097,17.0,265.08654295961327,94.0,791.7122883854123,79.0,281.2488874648439,149.0,326.43940057838927,34.0,124.40541529454812,3.0,35.0140056022409,2.0,156.35138410062774
9174,378.0,245.63957266512438,19.0,234.2786683107275,84.0,567.0694660095862,96.0,267.2382596108343,144.0,249.540775655911,30.0,101.25215160822168,5.0,57.35260380821289,,
9175,430.0,302.5143870214293,35.0,476.90421038288594,98.0,653.6383645701327,92.0,288.01302319757065,146.0,270.0053631202264,40.0,148.803987946877,19.0,225.65320665083135,,
9176,393.0,296.9601257357886,23.0,305.8103975535168,71.0,535.001130284078,89.0,278.71727420769133,170.0,355.2843319609605,29.0,116.04177503901404,11.0,150.33483668170015,,
9177,329.0,238.99462443701873,13.0,183.2276250880902,76.0,570.484912175349,86.0,264.03856191090233,136.0,257.0888468809074,15.0,59.197284817869686,3.0,43.13443565780015,0.0,0.0
9178,500.0,279.1487080997789,21.0,224.6710174387504,93.0,550.4261363636364,149.0,314.5849168144582,187.0,278.34422398523435,41.0,132.99166369327583,8.0,95.37434430138293,1.0,55.55339514574433
9179,372.0,169.61517417472186,13.0,119.11306578706248,88.0,412.5064454132096,84.0,175.92728338953233,144.0,182.7573515413806,37.0,80.65570911627502,6.0,40.955631399317404,,
9180,351.0,396.7581131947506,23.0,583.1643002028397,55.0,762.1951219512196,84.0,443.24837739433275,126.0,416.28122109158187,39.0,187.58116492713194,24.0,330.85194375516954,,
9181,329.0,274.00454730950855,14.0,240.79807361541108,79.0,681.2694032424974,74.0,278.4571966133584,127.0,287.91657220584904,26.0,103.7468576672918,9.0,125.94458438287154,0.0,0.0
9182,295.0,295.81052082706617,11.0,235.14322359982899,46.0,508.1188556279686,78.0,369.6507274536752,121.0,335.0779540860126,33.0,150.04092025097754,6.0,84.82963381874735,0.0,0.0
9183,387.0,335.79175704989154,22.0,383.81018841591066,96.0,888.3131303784584,114.0,422.89572281782097,124.0,301.27068198935837,28.0,114.49601308525864,3.0,44.36557231588287,,
9184,648.0,185.74200779084532,26.0,150.9784565356251,119.0,330.65658951346245,138.0,174.5421430739654,264.0,207.80692847191065,69.0,100.98940343071249,32.0,140.14189366733817,0.0,0.0
9185,345.0,356.84733140256515,12.0,242.27740763173833,74.0,790.5982905982906,78.0,347.9967877219595,133.0,378.4106751643099,42.0,211.75758798023597,6.0,107.23860589812332,,
9186,361.0,283.9144009878019,19.0,279.4939688143572,71.0,584.8434925864909,99.0,330.22014676450965,143.0,302.3064076274232,21.0,83.82898886272005,8.0,115.02516175413372,,
9187,1041.0,398.8765551779235,43.0,341.56803558662324,195.0,807.5202915355309,255.0,440.52863436123346,367.0,395.7086635398135,138.0,240.49353455787528,40.0,241.23997346360292,3.0,114.79738261967627
9188,319.0,234.40025864856128,15.0,239.0438247011952,93.0,672.7430555555555,55.0,200.48846280027703,108.0,220.30475491096016,41.0,135.59546251281543,7.0,70.88607594936708,0.0,0.0
9189,593.0,334.8598727193671,27.0,328.58707557502737,109.0,696.2187020950435,143.0,363.599379592667,223.0,363.683807100804,68.0,169.13739926375484,23.0,182.59765004763418,0.0,0.0
9190,489.0,361.29089458285307,21.0,316.6465621230398,109.0,851.1635171013587,134.0,454.20649447495083,176.0,369.1972058484194,35.0,117.47331677518963,14.0,154.30397883831148,0.0,0.0
9261,151.0,208.55201370090052,7.0,203.66598778004072,27.0,436.1873990306947,42.0,219.65378379791852,54.0,212.8414331323164,18.0,124.18075198344256,2.0,41.692724619553886,1.0,136.2193676696953
9262,108.0,205.83582686919897,5.0,240.5002405002405,22.0,599.7818974918212,32.0,193.05019305019306,33.0,206.59863519689475,11.0,99.52949692363373,5.0,144.7178002894356,,
9263,133.0,278.27760806795834,6.0,290.69767441860466,15.0,396.8253968253968,35.0,297.39145211997624,59.0,353.58983579048305,15.0,144.81560146746477,3.0,95.72431397574984,,
9271,303.0,253.9262189296549,15.0,286.0411899313501,50.0,490.6289863605142,92.0,325.4448335632672,92.0,216.97089759916986,39.0,148.9914425427873,15.0,208.4491384102279,0.0,0.0
9272,289.0,368.834152255759,14.0,423.728813559322,64.0,1022.527560313149,64.0,374.37847323778885,96.0,344.6295232624928,39.0,206.77588675043742,12.0,240.62562662923602,,
9273,338.0,276.4645258387999,12.0,193.64208487978053,68.0,577.445652173913,82.0,281.16856398299274,129.0,289.6338040818159,32.0,130.4631441617743,15.0,218.85030639042895,0.0,0.0
9274,445.0,280.40681041979104,16.0,196.22271277900418,98.0,632.6662362814719,102.0,283.90113560454245,182.0,306.98129438156764,38.0,117.00227846542275,9.0,105.16475812105632,0.0,0.0
9275,759.0,395.22398629473605,33.0,397.8779840848806,144.0,866.8432458463761,198.0,473.7862219138092,262.0,383.6804030108661,94.0,207.9140032293026,28.0,224.68303643074947,,
9276,308.0,396.6209951581333,13.0,380.33937975424226,34.0,535.0118017309205,90.0,528.3860740914695,116.0,430.02780352177945,36.0,194.98456372203867,18.0,348.4320557491289,1.0,129.1822761917065
9277,314.0,260.2375289037701,12.0,216.91973969631238,51.0,478.8282790348324,87.0,313.50221613635546,113.0,265.4264439903225,36.0,133.8638307366229,15.0,185.13947173537397,0.0,0.0
9278,199.0,197.71681785213963,11.0,224.90288284604375,37.0,394.79300042680325,46.0,204.48079658605974,81.0,218.85976763037016,20.0,92.78159213212099,4.0,69.02502157031924,,
9279,230.0,239.0429965598595,9.0,192.55455712451862,28.0,326.9882050683172,71.0,309.0719136339892,94.0,269.202130706226,25.0,125.06253126563281,3.0,53.89867049946101,0.0,0.0
9361,105.0,250.17869907076482,6.0,329.3084522502744,17.0,495.91598599766627,28.0,283.28611898017,37.0,262.0211033212945,11.0,114.70281543274244,6.0,178.4651992861392,,
9362,450.0,294.86927462158445,17.0,238.96542029800395,92.0,776.1093301839041,151.0,303.6213379446243,156.0,312.0561701106199,20.0,77.02083413563369,14.0,165.97510373443984,0.0,0.0
9363,72.0,169.33207902163687,3.0,157.56302521008402,16.0,472.53396337861784,23.0,224.04052211182545,25.0,173.88885024692217,5.0,52.32314776056928,0.0,0.0,,
9371,237.0,229.85384399034032,10.0,208.15986677768527,44.0,507.5556580920521,50.0,220.68234982566094,87.0,236.1178961081257,38.0,165.05233896538243,8.0,113.47517730496453,0.0,0.0
9372,373.0,291.6751380178602,16.0,278.9400278940028,63.0,575.1848808545604,98.0,343.43788330120907,128.0,281.6963401483307,51.0,175.8317531460093,17.0,204.08163265306123,,
9373,491.0,367.6222849484505,24.0,359.17390002993113,105.0,849.7895759145355,132.0,423.42978122794636,169.0,345.70931778664215,50.0,180.99547511312218,11.0,140.10954018596357,0.0,0.0
9374,222.0,235.28913006613533,11.0,242.50440917107585,48.0,601.428392432026,45.0,217.19194941840823,89.0,262.3202074982315,23.0,108.70078926225247,6.0,97.92720744246776,,
9375,551.0,284.6486062033765,16.0,166.66666666666666,148.0,810.1598423472739,118.0,277.99373336160386,203.0,283.12412831241284,47.0,113.69409032632623,19.0,177.3049645390071,0.0,0.0
9376,445.0,302.3323753813125,19.0,276.8065268065268,86.0,675.251256281407,120.0,355.7558329133438,158.0,296.45195789631686,42.0,132.1045513163275,20.0,211.61781822029414,0.0,0.0
9377,109.0,150.33653315679135,4.0,129.61762799740765,20.0,337.32501264968795,31.0,201.35100025980773,43.0,169.3246702106714,5.0,29.399658963956018,6.0,114.6569845213071,,
9461,268.0,345.39643262191976,11.0,296.09690444145355,66.0,1132.0754716981132,62.0,262.27843817420364,88.0,356.75193578465155,26.0,179.28561577713418,15.0,298.804780876494,,
9462,155.0,207.61616459273745,8.0,276.24309392265195,19.0,368.50271528316523,44.0,185.14622343782875,55.0,245.86499776486366,18.0,116.36175576960372,11.0,214.5504193485469,,
9463,296.0,717.5931537734248,17.0,999.4121105232216,57.0,1809.5238095238096,93.0,908.2918253735717,84.0,628.1782829793599,36.0,386.1417998498337,8.0,243.38302403407363,1.0,243.47487339306582
9464,145.0,315.69780100152406,12.0,543.2322317790855,21.0,549.163179916318,38.0,353.48837209302326,51.0,344.2224622030238,14.0,131.13525665043088,9.0,253.5211267605634,,
9471,628.0,426.96109758916555,38.0,519.8358413132695,128.0,951.0364811650197,152.0,468.42737834756076,214.0,391.8696209485442,67.0,216.61116679059842,29.0,345.0737743931461,0.0,0.0
9472,176.0,169.79239021378405,9.0,202.2017524151876,30.0,331.3452617627568,45.0,214.66393168916662,62.0,164.14275124430796,28.0,115.75509529124808,2.0,27.643400138217,,
9473,578.0,665.0864152072354,21.0,546.7326217130956,103.0,1412.894375857339,141.0,796.9253377041767,223.0,721.216041397154,63.0,307.12231267976404,27.0,416.0246533127889,0.0,0.0
9474,319.0,274.76550185617447,22.0,395.6122999460529,59.0,557.6032511104811,76.0,303.62350685150415,115.0,271.803356180572,43.0,168.7995603360289,4.0,55.20287054926856,,
9475,304.0,318.95583930501203,10.0,270.7092582566324,51.0,684.931506849315,81.0,442.06734705015555,111.0,334.91234951573483,36.0,150.86748805632385,15.0,180.00720028801152,0.0,0.0
9476,305.0,454.3084829075743,12.0,488.4004884004884,58.0,1146.6982997232108,73.0,552.4861878453039,97.0,400.3136478065288,43.0,262.1951219512195,22.0,408.6181277860327,,
9477,139.0,193.47205790242884,7.0,254.82344375682564,24.0,424.6284501061571,39.0,270.77692147469276,49.0,191.15237575095577,16.0,91.01251422070534,4.0,72.07207207207207,,
9478,332.0,496.7234208085221,21.0,726.643598615917,63.0,1135.953840605842,70.0,497.97254037134525,95.0,399.20998445182164,46.0,294.04244438762464,6.0,123.91573729863693,31.0,4642.3864861626935
9479,128.0,174.91595834813742,6.0,199.53441968739608,13.0,228.47100175746925,49.0,345.48403017697245,35.0,141.29425537927415,17.0,90.7295725036025,8.0,127.6527844263603,,
9561,149.0,356.05897674863195,4.0,185.0994909763998,38.0,1027.3046769397135,45.0,447.0938897168405,48.0,341.29692832764505,9.0,100.88555094720323,5.0,173.13019390581718,,
9562,153.0,136.6535074400243,5.0,92.5925925925926,32.0,336.41715727502105,43.0,121.41062201767512,52.0,143.18363300933447,17.0,88.58319003699651,4.0,59.781796442983115,,
9563,413.0,323.2927325672418,30.0,448.4304932735426,104.0,958.790448972066,100.0,313.94217185194486,135.0,285.201225308968,35.0,141.02099198194932,9.0,129.44052926794188,0.0,0.0
9564,1682.0,324.4817840710696,76.0,295.7658779576588,368.0,833.1635309832689,458.0,334.2675307993227,572.0,322.77177439832974,164.0,162.73554481677368,44.0,131.35504672060185,0.0,0.0
9565,110.0,269.6607177878015,3.0,144.78764478764478,26.0,689.8381533563279,29.0,326.5765765765766,41.0,279.13943355119824,11.0,124.51890423364274,0.0,0.0,,
9571,578.0,314.2175276843038,26.0,284.21512898994314,116.0,685.8629456630994,131.0,311.88248458443445,225.0,342.22614303531776,59.0,151.709951144253,20.0,168.1944327642755,1.0,54.17382212567243
9572,319.0,234.09236007661204,16.0,227.66078542970973,80.0,594.8397650382929,69.0,242.21574753396285,119.0,237.81450468634466,31.0,102.50983763764425,4.0,49.887752556747316,0.0,0.0
9573,338.0,287.93648359699114,16.0,271.6468590831918,80.0,761.7596648257474,74.0,315.5919481405664,122.0,287.08584337349396,40.0,146.77283234873224,6.0,72.60406582768636,0.0,0.0
9574,468.0,274.70431133155284,26.0,321.9016961743221,86.0,566.1246790863011,128.0,364.37131714537844,167.0,269.9906230801565,47.0,120.88477366255144,14.0,120.05831403824715,0.0,0.0
9575,209.0,208.2419991231916,10.0,205.4653790836244,58.0,639.9646916032219,42.0,188.45066630771302,71.0,196.7085942261872,24.0,108.38150289017341,4.0,60.98490623570666,,
9576,413.0,325.3044313867578,18.0,290.9326006141911,102.0,890.7518993974326,87.0,319.26605504587155,161.0,350.13701013440044,37.0,132.9882826540148,8.0,99.29254064788383,0.0,0.0
9577,352.0,372.9090080832265,21.0,454.54545454545456,74.0,881.6871202192303,94.0,446.7468276222613,109.0,331.579107474219,39.0,183.75424048247268,15.0,227.85963846270698,0.0,0.0
9661,142.0,201.34133027067648,4.0,117.78563015312132,27.0,449.10179640718565,47.0,271.14341756086304,41.0,166.28138054102283,21.0,139.89740856705083,2.0,43.55400696864111,,
9662,298.0,551.5250222090613,11.0,429.0171606864275,75.0,1601.537475976938,76.0,581.2174977057203,89.0,530.4249359318195,33.0,275.22935779816515,14.0,323.0272265805261,0.0,0.0
9663,317.0,247.88864560525494,4.0,74.36326454731363,40.0,485.6136943061794,112.0,255.16015856381281,103.0,273.8123720658213,33.0,139.26401080351116,25.0,274.3935901657337,,
9671,405.0,232.48071271124172,14.0,172.35011695186506,86.0,564.74914630943,105.0,285.2795739825028,147.0,232.84546664132293,46.0,117.64405002429605,7.0,59.271803556308214,,
9672,370.0,358.464608886047,24.0,543.8477226376615,50.0,584.180394905947,101.0,479.78718350672176,134.0,376.9975241953635,49.0,193.8751285906465,12.0,142.9592566118656,,
9673,335.0,420.3789685029489,16.0,439.6812311074471,56.0,796.5860597439545,79.0,462.4480477667857,142.0,512.0992462764615,33.0,179.74835230677053,9.0,155.3062985332183,,
9674,296.0,349.88593245783045,19.0,486.43113159242193,46.0,618.7785848802798,77.0,422.26487523992324,104.0,344.0063508864779,41.0,213.44161590920922,9.0,167.6602086438152,,
9675,211.0,232.1002321002321,9.0,205.76131687242798,35.0,443.9370877727042,72.0,349.3619292542093,69.0,211.57207248643178,15.0,76.37474541751527,11.0,182.27009113504556,0.0,0.0
9676,298.0,231.44552486874397,15.0,254.323499491353,60.0,523.1949773282176,77.0,276.8290490742405,91.0,196.20526088831392,41.0,143.73356704645047,14.0,161.71884024488853,,
9677,250.0,197.83959165908283,10.0,180.34265103697024,39.0,375.7225433526012,62.0,237.50239417736066,87.0,194.47859617748966,38.0,126.7342582710779,14.0,148.79370815176958,,
9678,373.0,324.0491373169079,21.0,378.7195671776375,71.0,707.3122135883642,90.0,358.08068751492004,129.0,318.3927337348208,39.0,148.66770861129112,23.0,288.2566737686427,0.0,0.0
9679,332.0,205.14848548512674,12.0,149.98125234345707,55.0,378.1368167755242,76.0,216.98786581013562,126.0,219.1838012733535,52.0,140.91377161129478,11.0,106.35212220825679,,
9761,670.0,227.01475595913735,21.0,146.8634170221694,123.0,512.0945917815063,226.0,267.19317120461557,231.0,232.90986085904416,54.0,96.8783638320775,15.0,79.95309418474496,,
9762,159.0,362.2445492447543,2.0,89.84725965858041,21.0,539.291217257319,47.0,455.29400368110043,65.0,438.47814355099837,20.0,203.72822654578792,4.0,120.70006035003017,0.0,0.0
9763,211.0,306.2098190314482,7.0,207.59193357058126,47.0,839.2857142857143,52.0,286.2963166877718,72.0,322.01797933717967,23.0,155.68943342584444,8.0,163.8001638001638,2.0,289.22213706237073
9764,115.0,262.335470036727,6.0,282.7521206409048,15.0,386.49832517392423,35.0,333.9057431787827,47.0,310.9493880251406,10.0,105.78652279699567,2.0,65.63833278634722,,
9771,368.0,275.45734902242583,15.0,210.43771043771045,74.0,571.4727005946405,97.0,325.9189570593374,135.0,275.6227031441405,36.0,129.3521612590277,11.0,137.41411617738913,,
9772,734.0,291.8094571708,29.0,220.0804431964787,156.0,648.4329536952365,194.0,350.5601734730755,263.0,287.98878705254975,76.0,140.5923377175944,16.0,103.1393025204667,0.0,0.0
9773,445.0,463.4402891034253,26.0,553.6626916524702,111.0,1243.5581447456868,127.0,572.0463042205306,143.0,418.8389666686193,36.0,175.67831348819053,1.0,16.38001638001638,1.0,103.56040678527785
9774,519.0,412.7335045766499,22.0,350.09548058561427,106.0,906.8354863546924,113.0,375.852319973391,196.0,431.70855267505124,65.0,248.51844771554195,17.0,228.70980761469124,0.0,0.0
9775,580.0,332.95063145809416,18.0,204.63847203274216,142.0,880.5655463227087,153.0,367.70890913023624,204.0,331.1795837527192,40.0,110.0594320933304,21.0,195.69471624266146,2.0,114.15264491678272
9776,276.0,337.9495279726702,15.0,390.01560062402496,49.0,684.7400782560089,76.0,423.77606780417085,97.0,334.9447513812155,34.0,187.55516328331862,5.0,83.9348665435622,,
9777,511.0,364.1779982325608,15.0,207.4688796680498,107.0,812.1442125237191,145.0,457.7742699289661,187.0,377.5489602261256,48.0,156.23982813618906,9.0,101.69491525423729,0.0,0.0
9778,768.0,533.1815247047715,27.0,366.8478260869565,148.0,1107.0386715535942,214.0,644.5200734873355,279.0,547.2197705207413,75.0,243.1670071004766,21.0,219.1838012733535,4.0,275.21483958415035
9779,401.0,300.38353209084914,15.0,234.375,74.0,593.900481540931,110.0,355.1136363636364,150.0,313.8075313807531,39.0,140.3887688984881,13.0,155.37229592446516,0.0,0.0
9780,360.0,231.7168934488485,5.0,65.46216286986122,67.0,494.8301329394387,96.0,284.93410898729667,130.0,237.23926492326223,47.0,132.55118732020983,11.0,101.07507121198199,4.0,256.39710784062356
10041,947.0,287.22384655513366,40.0,278.49335097124555,162.0,614.4509766736203,277.0,352.3635068437389,282.0,259.58245885341876,120.0,156.38439283759482,59.0,245.79236793867688,7.0,212.9510760113655
10042,319.0,308.612116169727,15.0,368.9129365469749,66.0,761.4213197969543,77.0,361.7741026122909,112.0,303.99261732215075,40.0,161.01115002213902,9.0,119.3792280143255,,
10043,366.0,276.8406880171853,8.0,148.892611204169,63.0,607.3459944085607,99.0,365.56995679627784,130.0,286.9503796574254,43.0,130.72292819359154,23.0,221.5159395165174,,
10044,499.0,255.63393630155582,21.0,253.47012673506336,87.0,548.4114977307111,146.0,360.39594184295623,178.0,267.4801268276556,54.0,112.28478749064294,13.0,86.55126498002663,,
10045,468.0,328.1194130308278,31.0,543.859649122807,91.0,799.4377580602653,103.0,351.7279060237672,146.0,303.31359717461305,64.0,179.24660411707043,33.0,275.2523146217366,,
10046,145.0,165.9095849971967,8.0,246.38127502309825,17.0,252.6753864447087,40.0,233.41308280329113,51.0,167.1199659206344,19.0,84.37694289013234,10.0,145.7725947521866,0.0,0.0
11000,11553.0,316.9698635819652,543.0,281.0064481405964,2408.0,737.9463150184946,3494.0,362.40715520755435,3921.0,307.2534860850452,918.0,131.43106669625536,266.0,125.93087057999215,3.0,8.175520801113832
12051,558.0,773.6675725140036,13.0,421.66720726565035,147.0,2539.737387698687,113.0,805.3021664766248,169.0,709.5474011251995,63.0,337.5663076675776,53.0,779.4117647058823,,
12052,1228.0,1225.3165567407377,57.0,1333.021515434986,311.0,3890.41781336002,282.0,1311.079083174485,409.0,1259.8182658247342,122.0,489.2328668243975,41.0,482.5232434977051,6.0,601.9382411364594
12053,362.0,625.507576935704,15.0,655.307994757536,78.0,1667.0228681342167,86.0,725.2487771968291,126.0,669.3227091633466,42.0,277.70431102882833,15.0,301.4469453376206,,
12054,583.0,327.36440768379856,18.0,184.6343214688686,121.0,684.4278522540868,149.0,334.253090158602,235.0,375.5673464169277,43.0,126.52268581180486,16.0,135.9272789057854,1.0,55.45266006410327
12060,977.0,534.5808710877653,37.0,455.49673765850054,223.0,1273.9217366466723,206.0,650.6016486119446,359.0,523.1253460787457,90.0,194.76725313250665,62.0,472.63302332672663,,
12061,1143.0,676.0633358372717,39.0,500.51334702258725,237.0,1537.6630117433335,257.0,869.7123519458545,444.0,702.9097932432005,125.0,301.9104895780499,39.0,289.59679215860996,2.0,117.10218922542757
12062,842.0,820.3589313899336,21.0,534.75935828877,119.0,1485.4574959430784,191.0,1239.3744727791836,359.0,995.5629506378258,111.0,381.37777014258717,41.0,440.24481907011705,,
12063,658.0,406.40112655874594,28.0,395.42437508826436,166.0,1064.0343567720017,124.0,427.6156976343196,259.0,419.28381791102765,71.0,184.1095322062027,10.0,91.07468123861567,,
12064,943.0,485.262031204973,27.0,321.42857142857144,220.0,1210.387323943662,165.0,533.4799055902228,362.0,489.76499397940825,114.0,231.99495309224852,54.0,355.40344872976175,1.0,51.0853073547517
12065,758.0,358.8182665953448,13.0,140.81455805892548,153.0,765.8424266693363,178.0,479.46127946127945,309.0,382.82847054450843,86.0,169.93696524196258,19.0,124.53300124533001,,
12066,475.0,429.9576378579963,10.0,235.96035865974517,87.0,1009.0466249130133,111.0,648.0238192538969,186.0,487.6386230763181,53.0,171.45999805894343,27.0,261.42525174283503,1.0,91.43191522432821
12067,1518.0,849.6680809143727,41.0,545.5755156353958,300.0,1928.6403085824493,297.0,1049.8780444695817,584.0,915.2313936905452,213.0,441.55144177947307,83.0,539.1010652117433,0.0,0.0
12068,527.0,531.9041563212822,16.0,399.2015968063872,136.0,1632.2611617858856,120.0,728.9072465528761,193.0,549.5757161569566,53.0,196.52921981607832,9.0,112.89513296537882,,
12069,994.0,463.0492304252227,41.0,436.9604604071193,215.0,992.1550530687587,203.0,570.1606561060555,379.0,456.06055136397003,126.0,242.48022631487788,30.0,202.1154753082261,0.0,0.0
12070,568.0,742.4060228995661,12.0,411.52263374485597,85.0,1449.0282986703035,113.0,909.6763806150378,233.0,886.5720482477835,97.0,449.32369835093573,28.0,395.20112914608325,0.0,0.0
12071,949.0,829.335220966713,19.0,442.6840633737186,166.0,1788.0224041361482,180.0,1130.6532663316582,382.0,932.7082722922161,161.0,482.31029627632483,35.0,354.00020228582986,6.0,527.6116778051354
12072,1202.0,714.2178067214907,44.0,556.1875869043105,274.0,1746.3352453792224,250.0,792.7447995941146,450.0,708.2041516501157,132.0,335.28067056134114,48.0,401.70725583730854,4.0,235.29826996947006
12073,435.0,363.85840471092075,8.0,177.85682525566918,79.0,802.7639467533787,98.0,523.5602094240837,162.0,392.95590161548535,55.0,161.0494568241047,33.0,313.89707980595455,0.0,0.0
13003,735.0,351.86656836743487,29.0,314.0227395776936,147.0,922.9030637870417,196.0,353.765071113999,260.0,401.061269821682,74.0,158.56010284979644,28.0,163.4941025341586,1.0,47.80320377071671
13004,237.0,247.34392285374355,10.0,224.01433691756273,41.0,493.67850692354006,69.0,339.583640927211,86.0,279.72027972027973,26.0,110.2769648386139,5.0,60.657527599175054,,
13071,1239.0,478.1383861382318,62.0,607.1883263147586,254.0,1141.1627280079072,277.0,637.8079668431959,453.0,502.9254049493189,140.0,197.83511855976033,45.0,210.9111361079865,8.0,309.98860791865894
13072,1032.0,479.74785345376614,40.0,417.9728317659352,243.0,1194.57280503392,205.0,589.5548142183366,385.0,482.8554945192766,106.0,189.32966581527856,53.0,344.4018454740399,,
13073,900.0,400.5625678731018,24.0,279.492255735414,171.0,903.375772624016,191.0,501.4307841747394,375.0,472.25055725565755,114.0,186.93734319400488,22.0,117.61561079925154,3.0,133.5101601231854
13074,547.0,349.0100747149538,41.0,598.1908374671724,93.0,665.4264453348597,150.0,523.7430167597765,192.0,337.4934083318685,58.0,146.97683847752268,10.0,86.95652173913044,3.0,190.69170236839093
13075,1339.0,565.7021424014669,48.0,502.51256281407035,258.0,1302.3725391216558,331.0,734.0222646028296,480.0,601.8280527101069,160.0,257.019854783782,62.0,323.62459546925567,,
13076,782.0,367.79576517510276,44.0,487.9130627633622,165.0,889.8236531305614,158.0,442.15592992668047,284.0,365.1887665877996,87.0,156.78783182252337,42.0,275.8258356866093,2.0,94.4380698747279
14511,1629.0,658.8819634601617,43.0,376.3017414894548,306.0,1498.971294209856,402.0,749.2311993290467,605.0,795.0483599663582,214.0,340.8023187297947,59.0,268.8049569456467,,
14521,2352.0,696.4844120155406,45.0,334.4730191764531,384.0,1303.6393264530147,496.0,956.6055930568949,969.0,867.5022381378693,324.0,330.90262883755133,134.0,438.28089226139855,,
14522,2530.0,826.2978264774564,52.0,416.06657065130423,523.0,1985.3471510458187,530.0,1035.8238708542615,1037.0,1006.3662124917511,299.0,359.94606828140803,89.0,318.0957146431252,0.0,0.0
14523,2495.0,1095.2782314000247,43.0,493.5720844811754,537.0,2930.103126534621,520.0,1453.4071216948962,965.0,1270.7902603473933,301.0,459.12841867630686,129.0,594.9086884338683,,
14524,2078.0,654.4242924312902,45.0,355.394092560417,399.0,1530.0839820531503,486.0,925.0095165588124,811.0,767.3094026150964,263.0,297.28263326852647,74.0,250.32982646053924,,
14612,3492.0,629.587360655117,125.0,421.4714410951514,846.0,1628.9592760180994,833.0,561.612157251404,1287.0,731.5783789314522,310.0,283.3974786766252,91.0,218.98161516989123,0.0,0.0
14625,2396.0,796.3307630949215,39.0,300.11542901115814,399.0,1449.7492914759102,504.0,1088.9056929890894,985.0,941.7456235120898,367.0,454.528565943797,102.0,369.29761042722663,,
14626,1440.0,564.9407204563465,31.0,312.0281831907398,191.0,874.3019317037443,335.0,849.1331237960053,570.0,677.6195344634917,235.0,324.128989545116,78.0,313.6056609842393,,
14627,2137.0,882.4561765738237,65.0,630.8842084829661,430.0,1927.7324486685197,441.0,1161.5962070327935,856.0,1008.1737450827975,262.0,409.8552991787251,81.0,363.0333452850484,2.0,82.74138765581237
14628,2157.0,878.2179951223683,45.0,407.3504118765276,347.0,1482.2725331055105,459.0,1157.6292559899118,904.0,1062.791709284144,309.0,480.33576869267836,93.0,421.0049796287913,0.0,0.0
14713,2044.0,347.70360819042725,73.0,229.8199219241909,520.0,1020.127908345431,524.0,306.425580688171,656.0,348.4450110216981,199.0,180.27975068850557,72.0,176.6697747460372,0.0,0.0
14729,1869.0,725.0846708022485,67.0,593.6558568137516,402.0,1699.2137966015723,383.0,951.9312024655763,719.0,771.9313313936635,230.0,336.38025594149906,68.0,317.11980599729515,,
14730,1386.0,701.1579730160416,59.0,679.6452021656492,322.0,1851.4259429622814,283.0,873.1334073799827,560.0,784.9513610495922,119.0,230.8393629609513,43.0,262.78799731100656,,
15001,508.0,625.3308221623153,18.0,599.2010652463382,97.0,1622.6162596186016,126.0,958.9041095890411,177.0,679.4104099493321,71.0,301.21759789571934,19.0,227.3271117492223,0.0,0.0
15002,1759.0,735.1927007360287,83.0,720.1110532708659,382.0,1856.622114216282,437.0,710.8118219229331,614.0,841.9378282391981,179.0,330.0025810257734,63.0,349.74740465219566,1.0,41.88271165428335
15003,1406.0,589.0312823370214,54.0,487.5846501128668,297.0,1508.3032857650703,394.0,660.7633997450862,465.0,627.3017928689951,120.0,220.3128442388191,73.0,392.9801894918174,3.0,126.28122829541388
15081,382.0,456.0377245866412,8.0,230.48112935753386,84.0,1133.2973556395036,78.0,552.134211085156,158.0,524.6903330787368,43.0,200.05582953382338,11.0,167.78523489932886,,
15082,1302.0,814.4932250678744,49.0,813.143046797212,224.0,1804.5597357608958,303.0,1188.6081908049584,498.0,892.3771637458337,161.0,357.32516590096986,67.0,489.3368390300906,0.0,0.0
15083,1208.0,703.4134184261707,41.0,567.9456988502562,314.0,2051.0810634267423,278.0,969.4518063886177,437.0,688.6336059502986,104.0,235.56592448300074,34.0,280.73652051853685,0.0,0.0
15084,1344.0,745.8793495754481,52.0,733.117157761173,217.0,1528.8149922502466,339.0,1157.036076316598,503.0,808.2009094268683,184.0,370.2958341718656,48.0,293.88354864384985,1.0,55.914026592711046
15085,1121.0,522.7423220764201,53.0,664.1604010025063,214.0,1273.5820984348034,236.0,665.4260418428918,429.0,577.7855594014734,143.0,236.79809236781534,45.0,244.2598925256473,1.0,46.88012751394684
15086,623.0,692.7764433769238,20.0,532.3396326856534,100.0,1324.3279035889286,147.0,1034.8468848996831,213.0,653.2540023308594,53.0,218.51164708307564,12.0,166.32016632016632,78.0,8706.426012122023
15087,845.0,620.1880380773437,30.0,637.0779358674878,148.0,1400.7192882831725,201.0,978.7689910401247,288.0,620.0081806634948,132.0,328.71799980077697,46.0,367.2947939955286,0.0,0.0
15088,1557.0,843.5275378964362,79.0,1039.4736842105262,283.0,1755.47422616463,341.0,1129.7001822097068,630.0,945.7471402407903,187.0,376.7654584651341,37.0,270.82418386766216,0.0,0.0
15089,1172.0,615.0293870696894,42.0,581.9592628516004,228.0,1504.652544050683,254.0,806.3236087743246,442.0,670.8353569694026,145.0,273.6571924659344,60.0,366.3003663003663,1.0,52.875082617316586
15090,593.0,529.54939186655,13.0,295.58890404729425,115.0,1230.0780832174564,139.0,723.0921292202049,234.0,597.4264705882352,68.0,226.00372241425154,24.0,267.7376171352075,0.0,0.0
15091,914.0,726.3191354100445,21.0,448.6220892971587,186.0,1877.0814411141387,196.0,1005.1282051282051,367.0,845.2326116996776,107.0,296.5138835005265,32.0,281.7645504974905,5.0,400.15045657167093
16051,1667.0,780.0691627008082,60.0,585.5943782939684,296.0,1581.703537458587,401.0,768.0815200735519,651.0,922.1224397291708,181.0,378.1073741382912,78.0,543.7434646218195,0.0,0.0
16052,788.0,836.944515251933,24.0,615.8583525789069,153.0,2030.7937350676932,184.0,1117.3862877269692,287.0,962.6672927917351,101.0,379.39972202396604,39.0,443.53462981917437,,
16053,762.0,683.9785650811888,64.0,1195.1447245564893,178.0,1865.241538300325,173.0,517.1125392318039,257.0,775.3809020968472,50.0,224.20519259226043,31.0,410.9225874867444,9.0,808.3130506632657
16054,328.0,941.5817425003588,7.0,554.6751188589541,54.0,2090.5923344947737,87.0,1452.663215895809,115.0,971.8583622073861,46.0,392.96087476507773,16.0,468.384074941452,3.0,815.4611432765229
16055,530.0,814.2571823628822,29.0,936.3900548918308,120.0,1995.6760352569434,121.0,772.0775906074527,187.0,879.6274519027236,53.0,368.64436252347497,18.0,374.2203742203742,2.0,306.6167903354388
16061,441.0,439.3305439330544,14.0,286.41571194762685,81.0,846.748902362534,97.0,537.3961218836565,178.0,504.1778784874664,48.0,189.94855559952512,22.0,317.59780568788796,1.0,99.9940003599784
16062,505.0,602.4671327336499,30.0,855.4319931565441,117.0,1649.746192893401,127.0,812.8,184.0,655.2006552006552,34.0,152.527926068817,13.0,190.6717512466999,0.0,0.0
16063,1049.0,852.6722210932737,40.0,811.3590263691683,213.0,2082.1114369501465,242.0,1220.865704772475,385.0,902.1886863195389,112.0,350.43804755944933,56.0,598.4184654840778,1.0,84.05197774303629
16064,933.0,906.5998134328358,38.0,836.6358432408631,180.0,1940.2824188854156,245.0,1374.7054202670856,318.0,888.8888888888889,119.0,444.56066945606693,32.0,397.61431411530816,1.0,97.8167305735973
16065,528.0,703.9155301363836,18.0,642.1691045308598,84.0,1384.7675568743819,124.0,1027.6810873528925,218.0,845.1577886330155,76.0,354.361915419406,8.0,132.5381047051027,0.0,0.0
16066,1247.0,1019.2321838704668,40.0,804.9909438518816,234.0,2262.8372497824193,284.0,1319.5186544626679,469.0,1068.7997083019986,170.0,499.11920140927776,50.0,492.9994084007099,,
16067,993.0,733.101024717243,26.0,454.78397761063496,162.0,1386.2741742255691,206.0,848.6796028509043,415.0,865.9363588941054,152.0,433.14715604696227,28.0,274.1067058247675,4.0,296.4983544341329
16068,501.0,719.2592060871438,10.0,332.33632436025255,72.0,1156.4407324124638,113.0,982.1816601477618,217.0,858.6238278004195,73.0,389.62425277540564,14.0,299.2731936725096,2.0,288.072363777781
16069,842.0,1324.8784479096187,21.0,818.0755746007012,122.0,2322.4823910146583,165.0,1519.3370165745857,361.0,1573.1218406832838,142.0,851.9318454523639,31.0,632.523974699041,0.0,0.0
16070,1199.0,1102.6098471611704,31.0,693.2021466905188,188.0,2089.5854173613425,252.0,1222.7667523897326,496.0,1373.2384617514329,167.0,601.3683831472813,65.0,784.8345810190775,0.0,0.0
16071,700.0,854.2106483458821,45.0,1216.54501216545,167.0,2099.308610936518,134.0,984.4978326353685,262.0,876.3714209258764,72.0,334.15324639160906,18.0,330.3964757709251,2.0,243.43931057987243
16072,611.0,1087.265997579899,17.0,836.6141732283464,101.0,2295.9763582632418,163.0,1730.9121800998196,232.0,1133.3105368570173,81.0,502.01425472575147,14.0,266.0079802394072,3.0,519.7775352149281
16073,1159.0,1089.7363571401706,35.0,877.8530223225483,171.0,2128.9840637450197,232.0,1438.0462406248064,484.0,1361.5393271070102,172.0,580.0816161343631,65.0,660.0324939073923,,
16074,777.0,935.5697101780834,26.0,765.1559741024132,141.0,1936.8131868131868,153.0,1119.239209948793,320.0,1076.4262648008612,108.0,477.0528733601308,24.0,384.92381716118683,5.0,602.7727546714889
16075,797.0,985.5567096997577,14.0,438.7339392040113,123.0,1816.3024217365623,154.0,1187.355435620663,337.0,1187.3722782044958,120.0,541.198755242863,46.0,674.0914419695193,3.0,373.543181591792
16076,803.0,818.060493688811,16.0,444.0743824590619,90.0,1141.9870574800152,184.0,1314.0979860019997,331.0,978.363679356822,138.0,478.7676935886761,44.0,475.3673292999136,0.0,0.0
16077,574.0,636.9426751592357,18.0,547.7784540474742,94.0,1349.7989661114302,126.0,944.9527523623818,225.0,736.4252282918208,75.0,281.944287808729,25.0,288.85037550548816,11.0,1230.521405479176
